month,region,product,units,revenue
Jan,North,Laptop,23,1196000
Jan,North,Phone,12,216000
Jan,North,Headphones,28,84000
Jan,North,Monitor,6,66000
Jan,South,Laptop,7,364000
Jan,South,Phone,37,666000
Jan,South,Headphones,9,27000
Jan,South,Monitor,26,286000
Jan,East,Laptop,40,2080000
Jan,East,Phone,6,108000
Jan,East,Headphones,35,105000
Jan,East,Monitor,16,176000
Jan,West,Laptop,5,260000
Jan,West,Phone,8,144000
Jan,West,Headphones,30,90000
Jan,West,Monitor,29,319000
Feb,North,Laptop,7,364000
Feb,North,Phone,18,324000
Feb,North,Headphones,8,24000
Feb,North,Monitor,38,418000
Feb,South,Laptop,30,1560000
Feb,South,Phone,6,108000
Feb,South,Headphones,39,117000
Feb,South,Monitor,10,110000
Feb,East,Laptop,17,884000
Feb,East,Phone,40,720000
Feb,East,Headphones,6,18000
Feb,East,Monitor,39,429000
Feb,West,Laptop,40,2080000
Feb,West,Phone,28,504000
Feb,West,Headphones,6,18000
Feb,West,Monitor,17,187000
Mar,North,Laptop,5,260000
Mar,North,Phone,38,684000
Mar,North,Headphones,11,33000
Mar,North,Monitor,21,231000
Mar,South,Laptop,29,1508000
Mar,South,Phone,12,216000
Mar,South,Headphones,37,111000
Mar,South,Monitor,10,110000
Mar,East,Laptop,39,2028000
Mar,East,Phone,22,396000
Mar,East,Headphones,38,114000
Mar,East,Monitor,14,154000
Mar,West,Laptop,9,468000
Mar,West,Phone,40,720000
Mar,West,Headphones,39,117000
Mar,West,Monitor,15,165000
Apr,North,Laptop,26,1352000
Apr,North,Phone,9,162000
Apr,North,Headphones,38,114000
Apr,North,Monitor,7,77000
Apr,South,Laptop,39,2028000
Apr,South,Phone,6,108000
Apr,South,Headphones,16,48000
Apr,South,Monitor,34,374000
Apr,East,Laptop,37,1924000
Apr,East,Phone,30,540000
Apr,East,Headphones,23,69000
Apr,East,Monitor,32,352000
Apr,West,Laptop,40,2080000
Apr,West,Phone,32,576000
Apr,West,Headphones,26,78000
Apr,West,Monitor,22,242000
May,North,Laptop,18,936000
May,North,Phone,14,252000
May,North,Headphones,18,54000
May,North,Monitor,8,88000
May,South,Laptop,39,2028000
May,South,Phone,22,396000
May,South,Headphones,36,108000
May,South,Monitor,34,374000
May,East,Laptop,24,1248000
May,East,Phone,31,558000
May,East,Headphones,21,63000
May,East,Monitor,7,77000
May,West,Laptop,10,520000
May,West,Phone,35,630000
May,West,Headphones,29,87000
May,West,Monitor,13,143000
Jun,North,Laptop,24,1248000
Jun,North,Phone,12,216000
Jun,North,Headphones,34,102000
Jun,North,Monitor,29,319000
Jun,South,Laptop,5,260000
Jun,South,Phone,7,126000
Jun,South,Headphones,38,114000
Jun,South,Monitor,39,429000
Jun,East,Laptop,23,1196000
Jun,East,Phone,24,432000
Jun,East,Headphones,25,75000
Jun,East,Monitor,34,374000
Jun,West,Laptop,40,2080000
Jun,West,Phone,32,576000
Jun,West,Headphones,7,21000
Jun,West,Monitor,8,88000
